{
  "swagger": "2.0",
  "info": {
    "title": "Study API",
    "description": "스터디 모집 플랫폼 API 문서",
    "version": "1.0.0"
  },
  "host": "localhost:3001",
  "basePath": "/",
  "schemes": [
    "http"
  ],
  "paths": {
    "/": {
      "get": {
        "description": "",
        "responses": {
          "200": {
            "description": "OK"
          },
          "default": {
            "description": ""
          }
        }
      }
    },
    "/test": {
      "get": {
        "description": "",
        "responses": {
          "default": {
            "description": ""
          }
        }
      }
    }
  }
}